-- MySQL dump 10.13  Distrib 8.0.34, for Win64 (x86_64)
--
-- Host: parking-chienboy03-5a1d.g.aivencloud.com    Database: defaultdb
-- ------------------------------------------------------
-- Server version	8.0.30

/*!40101 SET @OLD_CHARACTER_SET_CLIENT=@@CHARACTER_SET_CLIENT */;
/*!40101 SET @OLD_CHARACTER_SET_RESULTS=@@CHARACTER_SET_RESULTS */;
/*!40101 SET @OLD_COLLATION_CONNECTION=@@COLLATION_CONNECTION */;
/*!50503 SET NAMES utf8 */;
/*!40103 SET @OLD_TIME_ZONE=@@TIME_ZONE */;
/*!40103 SET TIME_ZONE='+00:00' */;
/*!40014 SET @OLD_UNIQUE_CHECKS=@@UNIQUE_CHECKS, UNIQUE_CHECKS=0 */;
/*!40014 SET @OLD_FOREIGN_KEY_CHECKS=@@FOREIGN_KEY_CHECKS, FOREIGN_KEY_CHECKS=0 */;
/*!40101 SET @OLD_SQL_MODE=@@SQL_MODE, SQL_MODE='NO_AUTO_VALUE_ON_ZERO' */;
/*!40111 SET @OLD_SQL_NOTES=@@SQL_NOTES, SQL_NOTES=0 */;
SET @MYSQLDUMP_TEMP_LOG_BIN = @@SESSION.SQL_LOG_BIN;
SET @@SESSION.SQL_LOG_BIN= 0;

--
-- GTID state at the beginning of the backup 
--

SET @@GLOBAL.GTID_PURGED=/*!80000 '+'*/ '6530f7af-145f-11ef-9ba4-661c45e65cc5:1-290';

--
-- Table structure for table `historycash`
--

DROP TABLE IF EXISTS `historycash`;
/*!40101 SET @saved_cs_client     = @@character_set_client */;
/*!50503 SET character_set_client = utf8mb4 */;
CREATE TABLE `historycash` (
  `stt` bigint NOT NULL AUTO_INCREMENT,
  `uid` varchar(30) CHARACTER SET utf8mb4 COLLATE utf8mb4_0900_ai_ci NOT NULL,
  `money` int NOT NULL,
  `stringCode` varchar(30) CHARACTER SET utf8mb4 COLLATE utf8mb4_0900_ai_ci DEFAULT NULL,
  `cashAt` bigint NOT NULL,
  `cancleAt` bigint DEFAULT NULL,
  `recashBy` varchar(30) CHARACTER SET utf8mb4 COLLATE utf8mb4_0900_ai_ci DEFAULT NULL,
  `recashAt` bigint DEFAULT NULL,
  `acceptAt` bigint DEFAULT NULL,
  `acceptBy` varchar(30) CHARACTER SET utf8mb4 COLLATE utf8mb4_0900_ai_ci DEFAULT NULL,
  PRIMARY KEY (`stt`),
  UNIQUE KEY `stringCode_UNIQUE` (`stringCode`),
  KEY `uid` (`uid`),
  KEY `recashBy` (`recashBy`),
  KEY `acceptBy` (`acceptBy`),
  CONSTRAINT `acceptBy` FOREIGN KEY (`acceptBy`) REFERENCES `staff` (`sid`),
  CONSTRAINT `historycash_ibfk_1` FOREIGN KEY (`uid`) REFERENCES `user` (`uid`),
  CONSTRAINT `historycash_ibfk_2` FOREIGN KEY (`recashBy`) REFERENCES `staff` (`sid`)
) ENGINE=InnoDB AUTO_INCREMENT=58 DEFAULT CHARSET=utf8mb4 COLLATE=utf8mb4_bin;
/*!40101 SET character_set_client = @saved_cs_client */;

--
-- Dumping data for table `historycash`
--

LOCK TABLES `historycash` WRITE;
/*!40000 ALTER TABLE `historycash` DISABLE KEYS */;
INSERT INTO `historycash` VALUES (3,'CUSTOMER_1713947989336_nhx',10000,'3',1714370124893,NULL,NULL,1714547469452,1721116797339,'bot'),(4,'CUSTOMER_1713947989336_nhx',10000,'4',1714371334191,NULL,'STAFF_1712484956356_gqk',1714547469452,1,NULL),(5,'CUSTOMER_1713947989336_nhx',10000,'5',1714409568064,1714547469452,NULL,NULL,NULL,NULL),(6,'CUSTOMER_1713947989336_nhx',10000,'6',1714472800937,NULL,NULL,NULL,1714547469452,'STAFF_1713602904053_afc'),(7,'CUSTOMER_1713947989336_nhx',10000,'7',1714547625699,NULL,NULL,NULL,1721116797339,'bot'),(8,'CUSTOMER_1713947989336_nhx',10000,'8',1714547668561,NULL,NULL,NULL,1721116797339,'bot'),(9,'CUSTOMER_1713947989336_nhx',10000,'9',1714547841003,NULL,NULL,NULL,1721116797339,'bot'),(10,'CUSTOMER_1713947989336_nhx',1000000,'10',1715942430243,NULL,NULL,NULL,1715942449684,'STAFF_1713602904053_afc'),(11,'CUSTOMER_1716024898304_yiu',100000,'11',1716025136713,NULL,NULL,NULL,1716025200866,'STAFF_1713602904053_afc'),(12,'CUSTOMER_1713947989336_nhx',10000,'12',1716306951272,NULL,NULL,NULL,1721116797339,'bot'),(13,'CUSTOMER_1713947989336_nhx',11231,'13',1716307174788,NULL,NULL,NULL,NULL,NULL),(14,'CUSTOMER_1713947989336_nhx',10000,'14',1716308780826,NULL,NULL,NULL,1,NULL),(15,'CUSTOMER_1713947989336_nhx',20000,'15',1716309197296,NULL,NULL,NULL,NULL,NULL),(16,'CUSTOMER_1713947989336_nhx',10000,'16',1716309469384,NULL,NULL,NULL,1,NULL),(17,'CUSTOMER_1713947989336_nhx',10000,'17',1716309532477,NULL,NULL,NULL,1,NULL),(18,'CUSTOMER_1713947989336_nhx',10000,'18',1716309537873,NULL,NULL,NULL,1,NULL),(19,'CUSTOMER_1713947989336_nhx',500000,'19',1716309630184,NULL,NULL,NULL,1,NULL),(20,'CUSTOMER_1713947989336_nhx',10000,'20',1716310256131,NULL,NULL,NULL,NULL,NULL),(21,'CUSTOMER_1713947989336_nhx',20000,'21',1716310585984,NULL,NULL,NULL,1,NULL),(22,'CUSTOMER_1713947989336_nhx',10000,'22',1716312171570,NULL,NULL,NULL,1,NULL),(23,'CUSTOMER_1713947989336_nhx',10000,'23',1719034171664,NULL,NULL,NULL,1,NULL),(24,'CUSTOMER_1713947989336_nhx',20000,'26FPWzIp56Oy0Eg',1720424768148,NULL,NULL,NULL,1720426721727,'bot'),(25,'CUSTOMER_1713947989336_nhx',10000,'tBxR1BP6KsfTVIv',1720426945829,NULL,NULL,NULL,NULL,NULL),(26,'CUSTOMER_1713947989336_nhx',10000,'EnduIHM0GwxlRLm',1720426987150,NULL,NULL,NULL,1720427086431,'bot'),(28,'CUSTOMER_1713947989336_nhx',20000,'9GvMepirLoFvpTU',1720430254198,NULL,NULL,NULL,1720430561679,'bot'),(29,'CUSTOMER_1713947989336_nhx',10000,'dnTBUrfWQY7vnlI',1720513655704,NULL,NULL,NULL,1720513704543,'bot'),(30,'CUSTOMER_1713947989336_nhx',20000,'MQuhPJVzzwX0WPI',1720544181481,NULL,NULL,NULL,1720592614472,'bot'),(31,'CUSTOMER_1713947989336_nhx',10000,'ugREpopwAJLaiCk',1720603332598,NULL,NULL,NULL,NULL,NULL),(32,'CUSTOMER_1713947989336_nhx',500000,'b6VbtUcSJWmtxXH',1720662521698,NULL,NULL,NULL,NULL,NULL),(33,'CUSTOMER_1713947989336_nhx',500000,'pmBI4CL3aP3tMg9',1720662536109,NULL,NULL,NULL,NULL,NULL),(34,'CUSTOMER_1713947989336_nhx',10000,'aMIK13U6UKh723z',1720664619980,NULL,NULL,NULL,NULL,NULL),(35,'CUSTOMER_1713947989336_nhx',20000,'U6Tq9GQpyvqTV64',1720665033515,NULL,NULL,NULL,NULL,NULL),(39,'CUSTOMER_1713947989336_nhx',500000,'JVoLZU8NeivoM84',1720669096592,NULL,NULL,NULL,NULL,NULL),(41,'CUSTOMER_1713947989336_nhx',200000,'lkqtvxyXGEH0ivu',1720669644829,NULL,NULL,NULL,NULL,NULL),(45,'CUSTOMER_1713947989336_nhx',50000,'ELRQB9hI8r1RiFP',1720674289734,NULL,NULL,NULL,NULL,NULL),(47,'CUSTOMER_1713947989336_nhx',10000,'Z2vpr2QtPdt7sbu',1720681121609,NULL,NULL,NULL,NULL,NULL),(48,'CUSTOMER_1713947989336_nhx',10000,'PAcMhfbbTBOUsRg',1720681127596,NULL,NULL,NULL,NULL,NULL),(49,'CUSTOMER_1713947989336_nhx',20000,'D8szWMyhp14iM4M',1720681130350,NULL,NULL,NULL,NULL,NULL),(50,'CUSTOMER_1713947989336_nhx',10000,'dOwCdJeOft05d2H',1720681155525,NULL,NULL,NULL,NULL,NULL),(51,'CUSTOMER_1720893503933_pto',21000,'Awgl7uXZbDTSSDz',1720900503988,NULL,NULL,NULL,NULL,NULL),(52,'CUSTOMER_1713947989336_nhx',20000,'EzAB7eG7D1Uu4kl',1720964303567,NULL,NULL,NULL,NULL,NULL),(53,'CUSTOMER_1721071472476_myr',100000,'cUAI5NixaxzM8aC',1721073970263,NULL,NULL,NULL,NULL,NULL),(54,'CUSTOMER_1713947989336_nhx',10000,'NoJcq89PKgYPx0V',1721083509009,NULL,NULL,NULL,1721116797339,'bot'),(55,'CUSTOMER_1713947989336_nhx',10000,'dnJkHWLloaTdKYi',1721083701452,NULL,NULL,NULL,1721116797339,'bot'),(56,'CUSTOMER_1713947989336_nhx',10000,'MsIxpwyzWaJoHlD',1721125432537,NULL,NULL,NULL,NULL,NULL),(57,'CUSTOMER_1713947989336_nhx',10000,'zHv7sLo0L9vzWu9',1721125489837,NULL,NULL,NULL,1721125588054,'bot');
/*!40000 ALTER TABLE `historycash` ENABLE KEYS */;
UNLOCK TABLES;

--
-- Table structure for table `qr`
--

DROP TABLE IF EXISTS `qr`;
/*!40101 SET @saved_cs_client     = @@character_set_client */;
/*!50503 SET character_set_client = utf8mb4 */;
CREATE TABLE `qr` (
  `qrid` varchar(40) NOT NULL,
  `qrCategory` varchar(10) NOT NULL,
  `imageIn` varchar(100) DEFAULT NULL,
  `imageOut` varchar(100) DEFAULT NULL,
  `uid` varchar(30) NOT NULL,
  `buyAt` bigint NOT NULL,
  `price` int NOT NULL,
  `checkinAt` bigint NOT NULL DEFAULT '0',
  `checkoutAt` bigint NOT NULL DEFAULT '0',
  `expireAt` bigint NOT NULL,
  `acceptBy` varchar(30) DEFAULT NULL,
  `plate` varchar(20) DEFAULT NULL,
  `cancleAt` bigint NOT NULL DEFAULT '0',
  `timesExtend` int NOT NULL DEFAULT '0',
  `priceExtend` int NOT NULL DEFAULT '0',
  PRIMARY KEY (`qrid`),
  KEY `acceptBy` (`acceptBy`),
  KEY `uid` (`uid`),
  CONSTRAINT `qr_ibfk_1` FOREIGN KEY (`acceptBy`) REFERENCES `staff` (`sid`),
  CONSTRAINT `qr_ibfk_2` FOREIGN KEY (`uid`) REFERENCES `user` (`uid`)
) ENGINE=InnoDB DEFAULT CHARSET=utf8mb4 COLLATE=utf8mb4_0900_ai_ci;
/*!40101 SET character_set_client = @saved_cs_client */;

--
-- Dumping data for table `qr`
--

LOCK TABLES `qr` WRITE;
/*!40000 ALTER TABLE `qr` DISABLE KEYS */;
INSERT INTO `qr` VALUES ('CODE_1715515794366_hqc','MA1LAN',NULL,NULL,'CUSTOMER_1713947989336_nhx',1715515794366,20000,0,0,1715602194366,NULL,NULL,0,0,0),('CODE_1715515823578_qnb','MA1LAN',NULL,NULL,'CUSTOMER_1713947989336_nhx',1715515823578,20000,0,0,1715602223578,NULL,NULL,0,0,0),('CODE_1715908079132_vmg','MA1LAN',NULL,NULL,'CUSTOMER_1713947989336_nhx',1715908079132,20000,0,0,1715994479132,NULL,NULL,0,0,0),('CODE_1715963108811_sai','MA1LAN',NULL,NULL,'CUSTOMER_1713947989336_nhx',1715963108811,20000,0,0,1716049508811,NULL,NULL,0,0,0),('CODE_1715963113809_wis','MA1LAN',NULL,NULL,'CUSTOMER_1713947989336_nhx',1715963113809,20000,0,0,1716049513809,NULL,NULL,0,0,0),('CODE_1715963118763_era','MA1LAN',NULL,NULL,'CUSTOMER_1713947989336_nhx',1715963118763,20000,0,0,1716049518763,NULL,NULL,0,0,0),('CODE_1715963123533_lzb','MA1LAN',NULL,NULL,'CUSTOMER_1713947989336_nhx',1715963123533,20000,0,0,1716049523533,NULL,NULL,0,0,0),('CODE_1715963128595_yfp','MA1LAN',NULL,NULL,'CUSTOMER_1713947989336_nhx',1715963128595,20000,0,0,1716049528595,NULL,NULL,0,0,0),('CODE_1716025280082_mxn','MA1LAN',NULL,NULL,'CUSTOMER_1716024898304_yiu',1716025280082,20000,0,0,1716111680082,NULL,NULL,0,0,0),('CODE_1716025284599_tax','MA1LAN',NULL,NULL,'CUSTOMER_1716024898304_yiu',1716025284599,20000,0,0,1716111684599,NULL,NULL,0,0,0),('CODE_1716025288989_vjd','MA1LAN',NULL,NULL,'CUSTOMER_1716024898304_yiu',1716025288989,20000,0,0,1716111688989,NULL,NULL,0,0,0),('CODE_1716025293392_qfz','MA1LAN',NULL,NULL,'CUSTOMER_1716024898304_yiu',1716025293392,20000,0,0,1716111693392,NULL,NULL,0,0,0),('CODE_1716025307156_snm','MA1LAN',NULL,NULL,'CUSTOMER_1716024898304_yiu',1716025307156,20000,0,0,1716111707156,NULL,NULL,0,0,0),('CODE_1716025315543_gol','MA1LAN',NULL,NULL,'CUSTOMER_1716024898304_yiu',1716025315543,20000,0,0,1716111715543,NULL,NULL,0,0,0),('CODE_1716025320055_uki','MA1LAN',NULL,NULL,'CUSTOMER_1716024898304_yiu',1716025320055,20000,0,0,1716111720055,NULL,NULL,0,0,0),('CODE_1716025324552_vks','MA1LAN',NULL,NULL,'CUSTOMER_1716024898304_yiu',1716025324552,20000,0,0,1716111724552,NULL,NULL,0,0,0),('CODE_1716025329076_pqx','MA1LAN',NULL,NULL,'CUSTOMER_1716024898304_yiu',1716025329076,20000,0,0,1716111729076,NULL,NULL,0,0,0),('CODE_1716025333603_bdj','MA1LAN',NULL,NULL,'CUSTOMER_1716024898304_yiu',1716025333603,20000,0,0,1716111733603,NULL,NULL,0,0,0),('CODE_1716373950345_stk','MA1LAN',NULL,NULL,'CUSTOMER_1713947989336_nhx',1716373950345,20000,0,0,1716460350345,NULL,NULL,0,0,0),('CODE_1716373955671_jzq','MA1LAN',NULL,NULL,'CUSTOMER_1713947989336_nhx',1716373955671,20000,0,0,1716460355671,NULL,NULL,0,0,0),('CODE_1716373960444_wwt','MA1LAN',NULL,NULL,'CUSTOMER_1713947989336_nhx',1716373960444,20000,0,0,1716460360444,NULL,NULL,0,0,0),('CODE_1716374244396_xop','MA1LAN',NULL,NULL,'CUSTOMER_1713947989336_nhx',1716374244396,20000,0,0,1716460644396,NULL,NULL,0,0,0),('CODE_1716798361742_mzm','MA1LAN',NULL,NULL,'CUSTOMER_1713947989336_nhx',1716798361742,20000,0,0,1716884761742,NULL,NULL,0,0,0),('CODE_1716798374723_vdv','MA1LAN',NULL,NULL,'CUSTOMER_1713947989336_nhx',1716798374723,20000,0,0,1716884774723,NULL,NULL,0,0,0),('CODE_1717057489848_mnq','MA1LAN',NULL,NULL,'CUSTOMER_1713947989336_nhx',1717057489848,20000,0,0,1717143889848,NULL,NULL,0,0,0),('CODE_1717180966594_zul','MA1LAN',NULL,NULL,'CUSTOMER_1713947989336_nhx',1717180966594,20000,0,0,1717267366594,NULL,NULL,0,0,0),('CODE_1719034209824_vxj','MA1LAN',NULL,NULL,'CUSTOMER_1713947989336_nhx',1719034209824,20000,0,0,1719120609824,NULL,NULL,0,0,0),('CODE_1720111156543_smb','MA1LAN','v1720121297/parking/plate/CODE_1720111156543_smb_1720121292297_in.png','v1720123945/parking/plate/CODE_1720111156543_smb_1720123940364_out.png','CUSTOMER_1713947989336_nhx',1720111156543,20000,1720121292297,1720123940364,1720197556543,NULL,'30A1567B9',0,0,0),('CODE_1720120899797_tid','MA1LAN','v1720181829/parking/plate/CODE_1720120899797_tid_1720181825595_in.png','v1720181995/parking/plate/CODE_1720120899797_tid_1720181993438_out.png','CUSTOMER_1713947989336_nhx',1720120899797,10000,1720181825595,1720181993438,1720207299797,NULL,'30A156789',0,0,0),('CODE_1720121064288_zje','MA1LAN','v1720180013/parking/plate/CODE_1720121064288_zje_1720180010019_in.png','v1720180192/parking/plate/CODE_1720121064288_zje_1720180189894_out.png','CUSTOMER_1713947989336_nhx',1720121064288,10000,1720180010019,1720180189894,1720207464288,NULL,'30A156789',0,0,0),('CODE_1720121431477_vtd','MA1LAN','v1720179498/parking/plate/CODE_1720121431477_vtd_1720179496516_in.png','v1720179651/parking/plate/CODE_1720121431477_vtd_1720179648974_out.png','CUSTOMER_1713947989336_nhx',1720121431477,10000,1720179496516,1720179648974,1720207831477,NULL,'30A156789',0,0,0),('CODE_1720121568265_cug','MA1LAN','v1720175707/parking/plate/CODE_1720121568265_cug_1720175704392_in.png','v1720175767/parking/plate/CODE_1720121568265_cug_1720175764560_out.png','CUSTOMER_1713947989336_nhx',1720121568265,10000,1720175704392,1720175764560,1720207968265,NULL,'30A156789',0,0,0),('CODE_1720121678632_kup','MA1LAN','v1720174199/parking/plate/CODE_1720121678632_kup_1720174197103_in.png','v1720175472/parking/plate/CODE_1720121678632_kup_1720175469466_out.png','CUSTOMER_1713947989336_nhx',1720121678632,10000,1720174197103,1720175469466,1720208078632,NULL,'30A156789',0,0,0),('CODE_1720121753439_xze','MA1LAN','v1720172912/parking/plate/CODE_1720121753439_xze_1720172909984_in.png','v1720173504/parking/plate/CODE_1720121753439_xze_1720173502457_out.png','CUSTOMER_1713947989336_nhx',1720121753439,10000,1720172909984,1720173502457,1720208153439,NULL,'30A156789',0,0,0),('CODE_1720124099803_qze','MA1LAN','v1720124615/parking/plate/CODE_1720124099803_qze_1720124610215_in.png','v1720124708/parking/plate/CODE_1720124099803_qze_1720124702825_out.png','CUSTOMER_1713947989336_nhx',1720124099803,10000,1720124610215,1720124702825,1720210499803,NULL,'30A1567B9',0,0,0),('CODE_1720182038423_fzw','MA1LAN','v1720182077/parking/plate/CODE_1720182038423_fzw_1720182076294_in.png','v1720431728/parking/plate/CODE_1720182038423_fzw_1720431724204_out.png','CUSTOMER_1713947989336_nhx',1717180966594,10000,1717257166594,1720431724204,1720436400000,NULL,'30A156789',0,4,112000),('CODE_1720184490294_opz','MA1LAN','v1720184681/parking/plate/CODE_1720184490294_opz_1720184679316_in.png','v1720301176/parking/plate/CODE_1720184490294_opz_1720301174535_out.png','CUSTOMER_1713947989336_nhx',1720184490294,10000,1720184679316,1720301174535,1720332000000,NULL,'296199999',0,2,62000),('CODE_1720271380037_olw','MA1LAN',NULL,NULL,'CUSTOMER_1713947989336_nhx',1720271380037,10000,0,0,1720357780037,NULL,NULL,1720276798331,0,0),('CODE_1720292072612_mxz','MA1LAN',NULL,NULL,'CUSTOMER_1713947989336_nhx',1720292072612,10000,0,0,1720378472612,NULL,NULL,0,0,0),('CODE_1720292371261_efu','MA1LAN',NULL,NULL,'CUSTOMER_1713947989336_nhx',1720292371261,10000,0,0,1720378771261,NULL,NULL,1720292390906,0,0),('CODE_1720295957974_ufh','MA1LAN',NULL,NULL,'CUSTOMER_1713947989336_nhx',1720295957974,10000,0,0,1720382357974,NULL,NULL,0,0,0),('CODE_1720296732487_zlj','MA1LAN',NULL,NULL,'CUSTOMER_1713947989336_nhx',1720296732487,10000,0,0,1720383132487,NULL,NULL,0,0,0),('CODE_1720296780661_fxg','MA1LAN',NULL,NULL,'CUSTOMER_1713947989336_nhx',1720296780661,10000,0,0,1720383180661,NULL,NULL,1720301355973,0,0),('CODE_1720431237592_kwg','MA1LAN','','v1720439830/parking/plate/CODE_1720431237592_kwg_1720439828010_out.png','CUSTOMER_1713947989336_nhx',1720431237592,10000,1720439694291,1720439828010,1720526094291,NULL,'30A156789',0,0,0),('CODE_1720433452090_okx','MA1LAN','v1720434216/parking/plate/CODE_1720433452090_okx_1720434214992_in.png','v1720434268/parking/plate/CODE_1720433452090_okx_1720434265807_out.png','CUSTOMER_1713947989336_nhx',1720433452090,10000,1720434214992,1720434265807,1720520614992,NULL,'30A156789',0,0,0),('CODE_1720439875490_iwq','MA1LAN','v1720439900/parking/plate/CODE_1720439875490_iwq_1720439899087_in.png','v1720439955/parking/plate/CODE_1720439875490_iwq_1720439954385_out.png','CUSTOMER_1713947989336_nhx',1720439875490,10000,1720439899087,1720439954385,1720526299087,NULL,'30A156789',0,0,0),('CODE_1720448401193_cgs','MA1LAN','v1720448481/parking/plate/CODE_1720448401193_cgs_1720448479495_in.png','v1720448540/parking/plate/CODE_1720448401193_cgs_1720448538505_out.png','CUSTOMER_1713947989336_nhx',1720448401193,10000,1720448479495,1720448538505,1720534879495,NULL,'296199999',0,0,0),('CODE_1720450793687_mpt','MA1LAN','v1720451224/parking/plate/CODE_1720450793687_mpt_1720451222799_in.png','v1720451303/parking/plate/CODE_1720450793687_mpt_1720451301615_out.png','CUSTOMER_1713947989336_nhx',1720450793687,10000,1720451222799,1720451301615,1720537622799,NULL,'80A156789',0,0,0),('CODE_1720455031011_hyh','MA1LAN','v1720455652/parking/plate/CODE_1720455031011_hyh_1720455649492_in.png','','CUSTOMER_1713947989336_nhx',1720455031010,10000,1720455649492,1720613103313,1720630800000,NULL,'30A156789',0,1,24000),('CODE_1720455283094_gez','MA1LAN',NULL,NULL,'CUSTOMER_1713947989336_nhx',1720455283094,10000,0,0,1720541683094,NULL,NULL,0,0,0),('CODE_1720455299897_bnf','MA1LAN',NULL,NULL,'CUSTOMER_1713947989336_nhx',1720455299897,10000,0,0,1720541699897,NULL,NULL,0,0,0),('CODE_1720455335694_rrr','MA1LAN',NULL,NULL,'CUSTOMER_1713947989336_nhx',1720455335694,10000,0,0,1720541735694,NULL,NULL,0,0,0),('CODE_1720542500590_pga','MA1LAN',NULL,NULL,'CUSTOMER_1713947989336_nhx',1720542500590,10000,0,0,1720628900590,NULL,NULL,0,0,0),('CODE_1720621629455_ltk','MA1LAN',NULL,NULL,'CUSTOMER_1713947989336_nhx',1720621629455,10000,0,0,1720708029455,NULL,NULL,1720662465896,0,0),('CODE_1720662499703_wzx','MA1LAN',NULL,NULL,'CUSTOMER_1713947989336_nhx',1720662499702,10000,0,0,1720748899702,NULL,NULL,0,0,0),('CODE_1720664298496_fte','MA1LAN',NULL,NULL,'CUSTOMER_1713947989336_nhx',1720664298496,10000,0,0,1720750698496,NULL,NULL,0,0,0),('CODE_1720843693603_ghz','MA1LAN',NULL,NULL,'CUSTOMER_1713947989336_nhx',1720843693603,10000,0,0,1720930093603,NULL,NULL,1720896981891,0,0),('CODE_1720885692704_fcd','MA1LAN',NULL,NULL,'CUSTOMER_1713947989336_nhx',1720885692704,10000,0,0,1720972092704,NULL,NULL,1720885707712,0,0),('CODE_1721125741143_lokh','MA1LAN',NULL,NULL,'CUSTOMER_1713947989336_nhx',1721125741143,10000,0,0,1721212141143,NULL,NULL,1721125747137,0,0);
/*!40000 ALTER TABLE `qr` ENABLE KEYS */;
UNLOCK TABLES;

--
-- Table structure for table `shopqr`
--

DROP TABLE IF EXISTS `shopqr`;
/*!40101 SET @saved_cs_client     = @@character_set_client */;
/*!50503 SET character_set_client = utf8mb4 */;
CREATE TABLE `shopqr` (
  `qrCategory` varchar(10) NOT NULL,
  `price` int NOT NULL,
  `maxAge` bigint NOT NULL,
  `hide` int NOT NULL,
  PRIMARY KEY (`qrCategory`)
) ENGINE=InnoDB DEFAULT CHARSET=utf8mb4 COLLATE=utf8mb4_0900_ai_ci;
/*!40101 SET character_set_client = @saved_cs_client */;

--
-- Dumping data for table `shopqr`
--

LOCK TABLES `shopqr` WRITE;
/*!40000 ALTER TABLE `shopqr` DISABLE KEYS */;
INSERT INTO `shopqr` VALUES ('MA1LAN',10000,86400,0);
/*!40000 ALTER TABLE `shopqr` ENABLE KEYS */;
UNLOCK TABLES;

--
-- Table structure for table `staff`
--

DROP TABLE IF EXISTS `staff`;
/*!40101 SET @saved_cs_client     = @@character_set_client */;
/*!50503 SET character_set_client = utf8mb4 */;
CREATE TABLE `staff` (
  `sid` varchar(30) NOT NULL,
  `admin` int NOT NULL,
  `email` varchar(100) NOT NULL,
  `password` varchar(255) NOT NULL,
  `name` varchar(30) NOT NULL,
  `createAt` bigint NOT NULL,
  `birthday` varchar(20) NOT NULL,
  `block` int NOT NULL DEFAULT '0',
  `lastLogin` bigint NOT NULL,
  PRIMARY KEY (`sid`),
  UNIQUE KEY `email` (`email`)
) ENGINE=InnoDB DEFAULT CHARSET=utf8mb4 COLLATE=utf8mb4_0900_ai_ci;
/*!40101 SET character_set_client = @saved_cs_client */;

--
-- Dumping data for table `staff`
--

LOCK TABLES `staff` WRITE;
/*!40000 ALTER TABLE `staff` DISABLE KEYS */;
INSERT INTO `staff` VALUES ('bot',0,'bot','bot','bot',1,'1',0,1),('STAFF_1712484956356_gqk',0,'chien234@gmail.com','10176e7b7b24d317acfcf8d2064cfd2f24e154f7b5a96603077d5ef813d6a6b6','Admin',1712484956356,'2002/01/26',0,1713652753632),('STAFF_1713602904053_afc',1,'chien@gmail.com','10176e7b7b24d317acfcf8d2064cfd2f24e154f7b5a96603077d5ef813d6a6b6','Admin',1713602904053,'2002/01/26',0,1713621455741),('STAFF_1713602950710_gpz',0,'chien1@gmail.com','10176e7b7b24d317acfcf8d2064cfd2f24e154f7b5a96603077d5ef813d6a6b6','chien',1713602950710,'2003-01-25',0,1713692762475),('STAFF_1713604879013_muo',0,'chienboy03@gmail.com','5918e8887de7b37faa8bd13f7ee6ed54cab4e1ece40154b955a9403bdbfdc53d','Admin',1713604879013,'2002/01/26',0,1713680224486),('STAFF_1713604900440_xch',0,'chienboy031@gmail.com','10176e7b7b24d317acfcf8d2064cfd2f24e154f7b5a96603077d5ef813d6a6b6','Admin',1713604900440,'2002/01/26',0,1713604900440);
/*!40000 ALTER TABLE `staff` ENABLE KEYS */;
UNLOCK TABLES;

--
-- Table structure for table `user`
--

DROP TABLE IF EXISTS `user`;
/*!40101 SET @saved_cs_client     = @@character_set_client */;
/*!50503 SET character_set_client = utf8mb4 */;
CREATE TABLE `user` (
  `uid` varchar(30) NOT NULL,
  `email` varchar(100) NOT NULL,
  `password` varchar(100) NOT NULL,
  `block` int DEFAULT '0',
  `lastlogin` bigint NOT NULL,
  `createAt` bigint NOT NULL,
  `acceptAt` bigint DEFAULT NULL,
  PRIMARY KEY (`uid`),
  UNIQUE KEY `email` (`email`)
) ENGINE=InnoDB DEFAULT CHARSET=utf8mb4 COLLATE=utf8mb4_0900_ai_ci;
/*!40101 SET character_set_client = @saved_cs_client */;

--
-- Dumping data for table `user`
--

LOCK TABLES `user` WRITE;
/*!40000 ALTER TABLE `user` DISABLE KEYS */;
INSERT INTO `user` VALUES ('CUSTOMER_1713945836474_nkh','abc@gmail.com','5918e8887de7b37faa8bd13f7ee6ed54cab4e1ece40154b955a9403bdbfdc53d',0,0,1715533353003,NULL),('CUSTOMER_1713947989336_nhx','chienboy03@gmail.com','abb70e475f64918aee1d85a4063ec4d472d3c0556222163ead9269407c5e6bcb',0,1716102612812,1715533353003,1715533353003),('CUSTOMER_1715533353003_ulr','dangchien2601@gmail.com','5918e8887de7b37faa8bd13f7ee6ed54cab4e1ece40154b955a9403bdbfdc53d',0,1715533353003,1715533353003,NULL),('CUSTOMER_1715534094626_cfs','baocao1@gmail.com','ef797c8118f02dfb649607dd5d3f8c7623048c9c063d532cc95c5ed7a898a64f',0,1715534094626,1715533353003,NULL),('CUSTOMER_1715961440949_lqc','baocao11@gmail.com','5918e8887de7b37faa8bd13f7ee6ed54cab4e1ece40154b955a9403bdbfdc53d',0,1715961440949,1715961440949,NULL),('CUSTOMER_1715962630925_fye','chienka0002@gmail.com','5918e8887de7b37faa8bd13f7ee6ed54cab4e1ece40154b955a9403bdbfdc53d',0,1715962630926,1715962630926,1715962682494),('CUSTOMER_1716024898304_yiu','phuongthanh18032003@gmail.com','27cacaf1b940c57935dacbee5faae60a646130826cd9b94abee5a81e4988b141',0,1720899821742,1716024898305,1716024929169),('CUSTOMER_1720623122444_ozs','tekdas@gmail.com','91bb0088efee2c2440f4080c312f96f3e58ed36b5045c5be28227d7ddd10777f',0,1720623122443,1720623122443,NULL),('CUSTOMER_1720623172493_jej','karowa4555@furnato.com','91bb0088efee2c2440f4080c312f96f3e58ed36b5045c5be28227d7ddd10777f',0,1720623172493,1720623172493,NULL),('CUSTOMER_1720795485346_tyy','qisonem@mailinator.com','6e42288b7e20b4c6c3be8a7e6f55a519d8463e3223a52bab24834208f8aca368',0,1720795485320,1720795485320,NULL),('CUSTOMER_1720795505778_kbi','liane711@belgianairways.com','6e42288b7e20b4c6c3be8a7e6f55a519d8463e3223a52bab24834208f8aca368',0,1720795505778,1720795505778,NULL),('CUSTOMER_1720893503933_pto','phuongthanh1802003@gmail.com','13f3ed8caf354e784ea1a87ed2be45a890517910d6b70cce9eab040726f5a5e8',0,1720899353892,1720893502455,1720898095995),('CUSTOMER_1721071472476_myr','chienka0004@gmail.com','abb70e475f64918aee1d85a4063ec4d472d3c0556222163ead9269407c5e6bcb',0,1721073874639,1721071472476,1721071472476),('user1','user1@gmail.com','pass',0,0,1715533353003,NULL);
/*!40000 ALTER TABLE `user` ENABLE KEYS */;
UNLOCK TABLES;

--
-- Dumping events for database 'defaultdb'
--

--
-- Dumping routines for database 'defaultdb'
--
SET @@SESSION.SQL_LOG_BIN = @MYSQLDUMP_TEMP_LOG_BIN;
/*!40103 SET TIME_ZONE=@OLD_TIME_ZONE */;

/*!40101 SET SQL_MODE=@OLD_SQL_MODE */;
/*!40014 SET FOREIGN_KEY_CHECKS=@OLD_FOREIGN_KEY_CHECKS */;
/*!40014 SET UNIQUE_CHECKS=@OLD_UNIQUE_CHECKS */;
/*!40101 SET CHARACTER_SET_CLIENT=@OLD_CHARACTER_SET_CLIENT */;
/*!40101 SET CHARACTER_SET_RESULTS=@OLD_CHARACTER_SET_RESULTS */;
/*!40101 SET COLLATION_CONNECTION=@OLD_COLLATION_CONNECTION */;
/*!40111 SET SQL_NOTES=@OLD_SQL_NOTES */;

-- Dump completed on 2024-07-17 19:14:06
